????,URL
????? ,https://www.metro.tokyo.lg.jp/
????,https://www.city.chiyoda.lg.jp/
???,https://www.city.chuo.lg.jp/
??,https://www.city.minato.tokyo.jp/
???,https://www.city.shinjuku.lg.jp/
???,https://www.city.bunkyo.lg.jp/
???,https://www.city.taito.lg.jp/
???,https://www.city.sumida.lg.jp/
???,https://www.city.koto.lg.jp/
???,https://www.city.shinagawa.tokyo.jp/
???,https://www.city.meguro.tokyo.jp/
???,https://www.city.ota.tokyo.jp/
????,https://www.city.setagaya.lg.jp/
???,https://www.city.shibuya.tokyo.jp/
???,https://www.city.tokyo-nakano.lg.jp/
???,https://www.city.suginami.tokyo.jp/
???,https://www.city.toshima.lg.jp/
??,https://www.city.kita.tokyo.jp/
???,https://www.city.arakawa.tokyo.jp/
???,https://www.city.itabashi.tokyo.jp/
???,https://www.city.nerima.tokyo.jp/
???,https://www.city.adachi.tokyo.jp/
???,https://www.city.katsushika.lg.jp/
????,https://www.city.edogawa.tokyo.jp/
????,https://www.city.hachioji.tokyo.jp/
???,https://www.city.tachikawa.lg.jp/
????,https://www.city.musashino.lg.jp/
???,https://www.city.mitaka.lg.jp/
???,https://www.city.ome.tokyo.jp/
???,https://www.city.fuchu.tokyo.jp/
???,https://www.city.akishima.lg.jp/
???,https://www.city.chofu.tokyo.jp/
???,https://www.city.machida.tokyo.jp/
????,https://www.city.koganei.lg.jp/
???,https://www.city.kodaira.tokyo.jp/
???,https://www.city.hino.lg.jp/
????,https://www.city.higashimurayama.tokyo.jp/
????,https://www.city.kokubunji.tokyo.jp/
???,https://www.city.kunitachi.tokyo.jp/
???,https://www.city.fussa.tokyo.jp/
???,https://www.city.komae.tokyo.jp/
????,https://www.city.higashiyamato.lg.jp/
???,https://www.city.kiyose.lg.jp/
?????,https://www.city.higashikurume.lg.jp/
?????,https://www.city.musashimurayama.lg.jp/
???,https://www.city.tama.lg.jp/
???,https://www.city.inagi.tokyo.jp/
???,https://www.city.hamura.tokyo.jp/
?????,https://www.city.akiruno.tokyo.jp/
????,https://www.city.nishitokyo.lg.jp/
???,https://www.town.mizuho.tokyo.jp/
????,https://www.town.hinode.tokyo.jp/
???,https://www.vill.hinohara.tokyo.jp/
????,https://www.town.okutama.tokyo.jp/index.html
???,https://www.town.oshima.tokyo.jp/
???,https://www.toshimamura.org/
???,https://www.niijima.com/
????,https://vill.kouzushima.tokyo.jp/
???,https://www.vill.miyake.tokyo.jp/
????,https://www.vill.mikurasima.tokyo.jp/
???,https://www.town.hachijo.tokyo.jp/
????,https://www.vill.aogashima.tokyo.jp/top.html
????,https://www.vill.ogasawara.tokyo.jp/
????,https://www.pref.kanagawa.jp/
???,https://www.city.yokohama.lg.jp/
???,https://www.city.yokohama.lg.jp/tsurumi/
????,https://www.city.yokohama.lg.jp/kanagawa/
??,https://www.city.yokohama.lg.jp/nishi/
??,https://www.city.yokohama.lg.jp/naka/
??,https://www.city.yokohama.lg.jp/minami/
?????,https://www.city.yokohama.lg.jp/hodogaya/
???,https://www.city.yokohama.lg.jp/isogo/
???,https://www.city.yokohama.lg.jp/kanazawa/
???,https://www.city.yokohama.lg.jp/kohoku/
???,https://www.city.yokohama.lg.jp/totsuka/
???,https://www.city.yokohama.lg.jp/konan/
??,https://www.city.yokohama.lg.jp/asahi/
??,https://www.city.yokohama.lg.jp/midori/
???,https://www.city.yokohama.lg.jp/seya/
??,https://www.city.yokohama.lg.jp/sakae/
??,https://www.city.yokohama.lg.jp/izumi/
???,https://www.city.yokohama.lg.jp/aoba/
???,https://www.city.yokohama.lg.jp/tsuzuki/
???,https://www.city.kawasaki.jp/
???,https://www.city.kawasaki.jp/kawasaki/
??,https://www.city.kawasaki.jp/saiwai/
???,https://www.city.kawasaki.jp/nakahara/
???,https://www.city.kawasaki.jp/takatsu/
???,https://www.city.kawasaki.jp/tama/
???,https://www.city.kawasaki.jp/miyamae/
???,https://www.city.kawasaki.jp/asao/
????,https://www.city.sagamihara.kanagawa.jp/
??,https://www.city.sagamihara.kanagawa.jp/midoriku/
???,https://www.city.sagamihara.kanagawa.jp/chuoku/
??,https://www.city.sagamihara.kanagawa.jp/minamiku/
????,https://www.city.yokosuka.kanagawa.jp/
???,https://www.city.hiratsuka.kanagawa.jp/
???,https://www.city.kamakura.kanagawa.jp/
???,https://www.city.fujisawa.kanagawa.jp/
????,https://www.city.odawara.kanagawa.jp/
????,https://www.city.chigasaki.kanagawa.jp/
???,https://www.city.zushi.kanagawa.jp/
???,https://www.city.miura.kanagawa.jp/
???,https://www.city.hadano.kanagawa.jp/
???,https://www.city.atsugi.kanagawa.jp/
???,https://www.city.yamato.lg.jp/
????,https://www.city.isehara.kanagawa.jp/
????,https://www.city.ebina.kanagawa.jp/
???,https://www.city.zama.kanagawa.jp/
????,https://www.city.minamiashigara.kanagawa.jp/
???,https://www.city.ayase.kanagawa.jp/
???,https://www.town.hayama.lg.jp/
???,https://www.town.samukawa.kanagawa.jp/
???,https://www.town.oiso.kanagawa.jp/
???,https://www.town.ninomiya.kanagawa.jp/
???,https://www.town.nakai.kanagawa.jp/
???,https://www.town.oi.kanagawa.jp/
???,https://town.matsuda.kanagawa.jp/
???,https://www.town.yamakita.kanagawa.jp/
???,https://www.town.kaisei.kanagawa.jp/
???,https://www.town.hakone.kanagawa.jp/
???,https://www.town.manazuru.kanagawa.jp/
????,https://www.town.yugawara.kanagawa.jp/
???,https://www.town.aikawa.kanagawa.jp/
???,https://www.town.kiyokawa.kanagawa.jp/
???,https://www.pref.chiba.lg.jp/
???,https://www.city.chiba.jp/
???,https://www.city.chiba.jp/chuo/
????,https://www.city.chiba.jp/hanamigawa/
???,https://www.city.chiba.jp/inage/
???,https://www.city.chiba.jp/wakaba/
??,https://www.city.chiba.jp/midori/
???,https://www.city.chiba.jp/mihama/
???,https://www.city.choshi.chiba.jp/
???,https://www.city.ichikawa.lg.jp/
???,https://www.city.funabashi.lg.jp/
???,https://www.city.tateyama.chiba.jp/
????,https://www.city.kisarazu.lg.jp/
???,https://www.city.matsudo.chiba.jp/
???,https://www.city.noda.chiba.jp/
???,https://www.city.mobara.chiba.jp/
???,https://www.city.narita.chiba.jp/
???,https://www.city.sakura.lg.jp/
???,https://www.city.togane.chiba.jp/
??,https://www.city.asahi.lg.jp/
????,https://www.city.narashino.lg.jp/
??,https://www.city.kashiwa.lg.jp/
???,https://www.city.katsuura.lg.jp/
???,https://www.city.ichihara.chiba.jp/
???,https://www.city.nagareyama.chiba.jp/
????,https://www.city.yachiyo.chiba.jp/
????,https://www.city.abiko.chiba.jp/
???,https://www.city.kamogawa.lg.jp/
????,https://www.city.kamagaya.chiba.jp/
???,https://www.city.kimitsu.lg.jp/
???,https://www.city.futtsu.lg.jp/
???,https://www.city.urayasu.lg.jp/
????,https://www.city.yotsukaido.chiba.jp/
????,https://www.city.sodegaura.lg.jp/
???,https://www.city.yachimata.lg.jp/
???,https://www.city.inzai.lg.jp/
???,https://www.city.shiroi.chiba.jp/
???,https://www.city.tomisato.lg.jp/
????,https://www.city.minamiboso.chiba.jp/
???,https://www.city.sosa.lg.jp/
???,https://www.city.katori.lg.jp/
???,https://www.city.sammu.lg.jp/
????,https://www.city.isumi.lg.jp/
?????,https://www.city.oamishirasato.lg.jp/
????,https://www.town.shisui.chiba.jp/
??,https://www.town.sakae.chiba.jp/
???,https://www.town.kozaki.chiba.jp/
???,https://www.town.tako.chiba.jp/
???,https://www.town.tohnosho.chiba.jp/
?????,https://www.town.kujukuri.chiba.jp/
???,https://www.town.shibayama.lg.jp/
????,https://www.town.yokoshibahikari.chiba.jp/
???,https://www.town.ichinomiya.chiba.jp/
???,https://www.town.mutsuzawa.chiba.jp/
???,https://www.vill.chosei.chiba.jp/
???,https://www.town.shirako.lg.jp/
???,https://www.town.nagara.chiba.jp/
???,https://www.town.chonan.chiba.jp/
????,https://www.town.otaki.chiba.jp/
???,https://www.town.onjuku.chiba.jp/
???,https://www.town.kyonan.chiba.jp/
???,https://www.pref.saitama.lg.jp/
?????,https://www.city.saitama.jp/
??,https://www.city.saitama.jp/nishi/
??,https://www.city.saitama.jp/kita/
???,https://www.city.saitama.jp/omiya/
???,https://www.city.saitama.jp/minuma/
???,https://www.city.saitama.jp/chuo/
??,https://www.city.saitama.jp/sakura/
???,https://www.city.saitama.jp/urawa/
??,https://www.city.saitama.jp/minami/
??,https://www.city.saitama.jp/midori/
???,https://www.city.saitama.jp/iwatsuki/
???,https://www.city.kawagoe.saitama.jp/
???,https://www.city.kumagaya.lg.jp/
???,https://www.city.kawaguchi.lg.jp/
???,https://www.city.gyoda.lg.jp/
???,https://www.city.chichibu.lg.jp/
???,https://www.city.tokorozawa.saitama.jp/
???,https://www.city.hanno.lg.jp/
???,https://www.city.kazo.lg.jp/
???,https://www.city.honjo.lg.jp/
????,https://www.city.higashimatsuyama.lg.jp/
????,https://www.city.kasukabe.lg.jp/
???,https://www.city.sayama.saitama.jp/
???,https://www.city.hanyu.lg.jp/
???,https://www.city.kounosu.saitama.jp/
???,https://www.city.fukaya.saitama.jp/
???,https://www.city.ageo.lg.jp/
???,https://www.city.soka.saitama.jp/
???,https://www.city.koshigaya.saitama.jp/
??,https://www.city.warabi.saitama.jp/
???,https://www.city.toda.saitama.jp/
???,https://www.city.iruma.saitama.jp/
???,https://www.city.asaka.lg.jp/
???,https://www.city.shiki.lg.jp/
???,https://www.city.wako.lg.jp/
???,https://www.city.niiza.lg.jp/
???,https://www.city.okegawa.lg.jp/
???,https://www.city.kuki.lg.jp/
???,https://www.city.kitamoto.lg.jp/
???,https://www.city.yashio.lg.jp/
????,https://www.city.fujimi.saitama.jp/
???,https://www.city.misato.lg.jp/
???,https://www.city.hasuda.saitama.jp/
???,https://www.city.sakado.lg.jp/
???,https://www.city.satte.lg.jp/
????,https://www.city.tsurugashima.lg.jp/
???,https://www.city.hidaka.lg.jp/
???,https://www.city.yoshikawa.saitama.jp/
?????,https://www.city.fujimino.saitama.jp/
???,https://www.city.shiraoka.lg.jp/
???,https://www.town.saitama-ina.lg.jp/
???,https://www.town.saitama-miyoshi.lg.jp/
????,https://www.town.moroyama.saitama.jp/
???,https://www.town.ogose.saitama.jp/
???,https://www.town.namegawa.saitama.jp/
???,https://www.town.ranzan.saitama.jp/
???,https://www.town.ogawa.saitama.jp/
???,https://www.town.kawajima.saitama.jp/
???,https://www.town.yoshimi.saitama.jp/
???,https://www.town.hatoyama.saitama.jp/
?????,https://www.town.tokigawa.lg.jp/
???,https://www.town.yokoze.saitama.jp/
???,https://www.town.minano.saitama.jp/
???,https://www.town.nagatoro.saitama.jp/
????,https://www.town.ogano.lg.jp/
????,https://www.vill.higashichichibu.saitama.jp/
???,https://www.town.saitama-misato.lg.jp/
???,https://www.town.kamikawa.saitama.jp/
???,https://www.town.kamisato.saitama.jp/
???,https://www.town.yorii.saitama.jp/
???,https://www.town.miyashiro.lg.jp/
???,https://www.town.sugito.lg.jp/
???,https://www.town.matsubushi.lg.jp/
